ObsNum,TrainTest,DayOfWeek,Month,VolStock1(t),EADay,EADayBefore,EADayAfter,VolStock1(t-1),VolStock2(t-1),VolStock3(t-1),VolStock4(t-1),VolStock5(t-1),VolStock6(t-1)
1,Train,Monday,3,2.65,0,0,0,2.55,4.01,3.89,2.77,6.3,5.01
2,Train,Tuesday,3,3.99,0,0,0,2.65,2.18,2.74,1.81,4.29,3.02
3,Train,Wednesday,3,3.08,0,0,0,3.99,5,4.68,4.47,6.82,4.99
4,Train,Thursday,3,2.55,0,0,0,3.08,4.51,3.22,2.89,4.82,3.99
5,Train,Friday,3,2.56,0,0,0,2.55,3.8,2.6,3.4,4.62,4.01
6,Train,Monday,3,2.59,0,0,0,2.56,3.74,3.33,5.59,4.43,4.24
7,Train,Tuesday,3,2.23,0,0,0,2.59,3.17,5.29,4.86,4.05,3.99
8,Train,Wednesday,3,3.32,0,0,0,2.23,2.52,4.39,3.59,3.9,3.77
9,Train,Thursday,3,3.53,0,0,0,3.32,3.14,3.65,5.46,3.96,3.48
10,Train,Friday,3,3.39,0,0,0,3.53,3.39,5.19,4.63,5.01,4.82
11,Train,Tuesday,3,4.2,0,0,0,3.39,4.48,10.78,5.15,3.99,3.76
12,Train,Wednesday,3,3.43,0,0,0,4.2,6.89,28.54,4.62,4.59,6.03
13,Train,Thursday,3,3.35,0,0,0,3.43,6.3,10.35,3.82,5.31,5.61
14,Train,Friday,3,3.68,0,0,0,3.35,3.52,6.6,4.03,5.03,3.21
15,Train,Monday,3,5.47,0,1,0,3.68,5.44,6.3,3.5,6.94,4.25
16,Train,Tuesday,3,7.87,1,0,0,5.47,3.38,4.4,3.55,4.33,3.35
17,Train,Wednesday,3,5.46,0,0,1,7.87,8.85,7.56,6.46,6.27,5.34
18,Train,Thursday,3,4.72,0,0,0,5.46,5.95,5.21,6.91,6.27,3.57
19,Train,Friday,3,3.7,0,0,0,4.72,4.79,3.78,5.57,7.81,4.87
20,Train,Monday,4,2.88,0,0,0,3.7,4.32,3.09,4.21,4.67,4.72
21,Train,Tuesday,4,3.01,0,0,0,2.88,7.14,3.28,3.17,3.66,8.06
22,Train,Wednesday,4,2.81,0,0,0,3.01,10.51,2.77,2.61,3.95,8.04
23,Train,Thursday,4,2.01,0,0,0,2.81,5.23,4.51,2.95,3.7,4.17
24,Train,Friday,4,2.47,0,0,0,2.01,3.21,2.08,2.29,3.34,4.11
25,Train,Monday,4,2.62,0,0,0,2.47,3.11,2.44,2.52,3.14,3.7
26,Train,Tuesday,4,2.47,0,0,0,2.62,2.35,3.23,2.68,3.38,2.5
27,Train,Wednesday,4,1.75,0,0,0,2.47,2.69,3.49,2.69,3.21,3.58
28,Train,Thursday,4,1.84,0,0,0,1.75,2.2,2.38,2.36,2.83,2.6
29,Train,Friday,4,2.97,0,0,0,1.84,2.05,1.92,1.67,2.65,2.65
30,Train,Tuesday,4,2.41,0,0,0,2.97,3.33,2.29,2.82,3.54,2.92
31,Train,Wednesday,4,1.88,0,0,0,2.41,2.19,1.8,2.33,4.32,3.74
32,Train,Thursday,4,2.81,0,0,0,1.88,2.45,2.16,2.82,4.28,3.46
33,Train,Friday,4,4.05,0,0,0,2.81,4.07,2.48,4.69,3.86,4.89
34,Train,Monday,4,3.36,0,0,0,4.05,3.16,2.69,3.19,4.57,3.98
35,Train,Tuesday,4,2.93,0,0,0,3.36,3.72,3.59,4.01,6.96,5.3
36,Train,Wednesday,4,4.39,0,0,0,2.93,2.43,2.83,2.88,4.88,3.41
37,Train,Thursday,4,4.2,0,0,0,4.39,4.46,3.7,3.49,6.52,5.14
38,Train,Friday,4,2.82,0,0,0,4.2,4.3,3.26,4.86,7.23,4.86
39,Train,Monday,5,2.54,0,0,0,2.82,2.8,2.65,4.06,5.11,3.09
40,Train,Tuesday,5,3.78,0,0,0,2.54,2.75,2.65,2.79,4.5,2.95
41,Train,Wednesday,5,4.97,0,0,0,3.78,3.64,4.67,2.84,4.97,4.52
42,Train,Thursday,5,4.65,0,0,0,4.97,5.28,4.39,5.8,7.84,6.26
43,Train,Friday,5,3.92,0,0,0,4.65,5.69,4.43,4.92,6.76,6.11
44,Train,Monday,5,3.68,0,0,0,3.92,3.96,3.48,3.38,6.79,4.75
45,Train,Tuesday,5,3.3,0,0,0,3.68,3.65,3.03,4.05,5.7,4.56
46,Train,Wednesday,5,3.32,0,0,0,3.3,2.91,3.29,2.61,4.92,3.42
47,Train,Thursday,5,2.52,0,0,0,3.32,2.97,4.11,4.01,4.53,3.15
48,Train,Friday,5,2.9,0,0,0,2.52,3.64,3.48,3.78,3.88,2.75
49,Train,Monday,5,3.12,0,0,0,2.9,2.82,3.04,3.09,4.07,3.3
50,Train,Tuesday,5,3.29,0,0,0,3.12,3.43,2.83,4.12,5.07,2.88
51,Train,Wednesday,5,3.88,0,0,0,3.29,2.83,2.45,3.91,4.92,3.53
52,Train,Thursday,5,5.16,0,0,0,3.88,3.41,3.58,3.44,5.34,4.15
53,Train,Friday,5,3.35,0,0,0,5.16,4.96,3.83,7.13,8.16,5.24
54,Train,Monday,5,3.53,0,0,0,3.35,3.59,2.93,5.19,4.92,3.3
55,Train,Tuesday,5,2.85,0,0,0,3.53,3.07,4.87,4.22,4.2,4.34
56,Train,Wednesday,5,3.79,0,0,0,2.85,2.71,3.59,3.42,3.9,3.35
57,Train,Thursday,5,2.84,0,0,0,3.79,3.84,4.31,4.5,4.35,4.04
58,Train,Friday,5,2.93,0,0,0,2.84,3.01,3.03,3.24,4.14,3.76
59,Train,Monday,5,2.76,0,0,0,2.93,2.85,2.9,3.98,3.56,3.12
60,Train,Tuesday,5,4.85,0,0,0,2.76,2.94,2.11,3.21,3.77,2.65
61,Train,Wednesday,5,3.37,0,0,0,4.85,4.58,3.05,3.58,5.2,3.51
62,Train,Thursday,6,4.11,0,0,0,3.37,4.29,3.44,3.23,3.3,3.34
63,Train,Monday,6,2.55,0,0,0,4.11,5.22,2.93,5.18,3.9,3.79
64,Train,Tuesday,6,2.53,0,0,0,2.55,3.79,3.03,3.18,3.53,2.88
65,Train,Wednesday,6,2.63,0,0,0,2.53,2.59,1.88,4.2,3.67,3.8
66,Train,Thursday,6,2.7,0,0,0,2.63,3.08,3.93,3.84,3.91,3.2
67,Train,Friday,6,3.02,0,0,0,2.7,2.81,2.52,2.93,4.69,4.93
68,Train,Monday,6,2.65,0,0,0,3.02,2.69,2.57,1.99,4.02,3.72
69,Train,Tuesday,6,2.56,0,0,0,2.65,2.76,2.37,2.58,4.01,3.76
70,Train,Wednesday,6,2.85,0,0,0,2.56,2.26,3.27,3.2,3.84,3.57
71,Train,Thursday,6,2.77,0,0,0,2.85,3.13,2.74,2.67,3.93,3.67
72,Train,Friday,6,2.58,0,0,0,2.77,2.8,2.8,2.4,3.74,3.62
73,Train,Monday,6,2.19,0,0,0,2.58,3.26,3.74,2.67,4.15,3.1
74,Train,Tuesday,6,2.69,0,0,0,2.19,2.4,9.83,3.09,4.17,2.98
75,Train,Wednesday,6,2.85,0,0,0,2.69,2.5,20.01,2.72,3.03,2.51
76,Train,Thursday,6,2.39,0,0,0,2.85,2.6,7.91,3,3.72,2.93
77,Train,Friday,6,2.2,0,0,0,2.39,3.13,6.4,3.22,3.47,3.62
78,Train,Monday,6,3.45,0,1,0,2.2,3.44,3.83,2.97,2.94,5.54
79,Train,Tuesday,6,5.21,1,0,0,3.45,4.77,3.28,2.81,2.9,4.34
80,Train,Wednesday,6,4.51,0,0,1,5.21,8.73,2.8,6.25,4.74,5.26
81,Train,Thursday,6,3.44,0,0,0,4.51,4.43,4.49,10.39,6.65,8.73
82,Train,Friday,6,2.19,0,0,0,3.44,4.82,3.86,4.83,4.83,7.96
83,Train,Monday,7,3.64,0,0,0,2.19,3.04,3.57,3.44,3.31,6.67
84,Train,Tuesday,7,2.44,0,0,0,3.64,4.81,3.79,4.42,6.05,6.16
85,Train,Wednesday,7,2.95,0,0,0,2.44,2.86,2.73,2.86,3.69,4.22
86,Train,Thursday,7,3.01,0,0,0,2.95,2.71,3.31,3.49,3.46,5.03
87,Train,Friday,7,3.26,0,0,0,3.01,3.11,2.74,2.92,3.49,5.35
88,Train,Monday,7,3.74,0,0,0,3.26,3.33,4.48,4.44,3.87,6.62
89,Train,Tuesday,7,4.08,0,0,0,3.74,3.65,3.84,3.47,5.55,5.25
90,Train,Wednesday,7,3.29,0,0,0,4.08,5,3.58,4.53,4.93,5.61
91,Train,Thursday,7,2.67,0,0,0,3.29,3.57,2.37,3.32,4.66,3.81
92,Train,Friday,7,2.78,0,0,0,2.67,3.44,2.56,3.53,3.6,3.78
93,Train,Monday,7,2.24,0,0,0,2.78,2.32,2.35,2.83,3.27,4.23
94,Train,Tuesday,7,2.86,0,0,0,2.24,2.39,2.05,2.67,2.79,3.21
95,Train,Wednesday,7,2.42,0,0,0,2.86,2.55,2.92,3.51,4.07,3.04
96,Train,Thursday,7,2.44,0,0,0,2.42,3.48,3.24,3.18,3.38,2.99
97,Train,Friday,7,2.38,0,0,0,2.44,4.37,2.96,2.5,3.49,4.66
98,Train,Monday,7,1.97,0,0,0,2.38,3.42,2.11,3.01,2.78,2.75
99,Train,Tuesday,7,1.98,0,0,0,1.97,2.42,2.36,3.02,3.17,3.7
100,Train,Wednesday,7,2.72,0,0,0,1.98,2.32,2.15,1.78,2.49,2.71
101,Train,Thursday,7,2.03,0,0,0,2.72,3.79,2.83,3.76,4.16,2.91
102,Train,Friday,7,2.58,0,0,0,2.03,2.31,2.54,2.21,3.14,2.64
103,Train,Tuesday,8,2.16,0,0,0,2.58,2.52,2.17,2.16,2.98,2.76
104,Train,Wednesday,8,2.82,0,0,0,2.16,2.27,1.97,2.14,2.61,2.29
105,Train,Thursday,8,2.81,0,0,0,2.82,2.01,3.39,2.31,3.35,2.72
106,Train,Friday,8,2.56,0,0,0,2.81,2.63,2.76,2.44,3.31,2.56
107,Train,Monday,8,2.5,0,0,0,2.56,2.6,2.44,3.7,3.13,2.52
108,Train,Tuesday,8,1.99,0,0,0,2.5,2.61,2.06,2.67,3.27,3.88
109,Train,Wednesday,8,2.73,0,0,0,1.99,1.93,2.67,2.51,2.5,2.79
110,Train,Thursday,8,2.11,0,0,0,2.73,2.79,3.83,2.42,3.13,3.94
111,Train,Friday,8,2.13,0,0,0,2.11,2.36,2.73,2.5,2.35,3.18
112,Train,Monday,8,2.01,0,0,0,2.13,2.38,3.84,2.27,4.26,2.91
113,Train,Tuesday,8,3.03,0,0,0,2.01,2.3,2.71,2.9,2.76,2.75
114,Train,Wednesday,8,3.07,0,0,0,3.03,2.85,3.07,3.16,4.04,4.76
115,Train,Thursday,8,4.14,0,0,0,3.07,2.78,2.8,3.26,4.25,5.84
116,Train,Friday,8,2.97,0,0,0,4.14,4.96,4.54,4.23,4.79,5.95
117,Train,Monday,8,2.75,0,0,0,2.97,2.94,4.61,2.08,3.5,3.72
118,Train,Tuesday,8,2.17,0,0,0,2.75,2.41,5.06,2.82,3.29,3.79
119,Train,Wednesday,8,2.39,0,0,0,2.17,2.06,3.45,2.72,2.65,3.19
120,Train,Thursday,8,2.85,0,0,0,2.39,2.3,2.92,2.26,3.03,4.35
121,Train,Friday,8,2.18,0,0,0,2.85,3.73,4.62,2.68,3.11,4.46
122,Train,Monday,8,2.22,0,0,0,2.18,3.07,2.46,5.36,2.73,2.55
123,Train,Tuesday,8,2.41,0,0,0,2.22,2.49,2.02,3.93,2.84,2.38
124,Train,Wednesday,8,1.86,0,0,0,2.41,2.63,2.42,2.78,2.78,2.72
125,Train,Thursday,9,2.94,0,0,0,1.86,1.95,2.45,3.15,2.31,2.32
126,Train,Friday,9,3.51,0,0,0,2.94,2.79,1.73,2.11,3.47,3.61
127,Train,Tuesday,9,2.59,0,0,0,3.51,2.82,2.43,2.48,4.76,7.64
128,Train,Wednesday,9,2.74,0,0,0,2.59,2.59,2.37,2.61,4.61,6.05
129,Train,Thursday,9,2.66,0,0,0,2.74,2.55,2.86,2.65,4.65,5.85
130,Train,Friday,9,2.11,0,0,0,2.66,1.99,2.42,2.39,4.39,4.23
131,Train,Monday,9,2.9,0,0,0,2.11,1.9,1.56,1.8,3.36,2.91
132,Train,Tuesday,9,2.57,0,0,0,2.9,2.06,2.4,2.1,4.44,4.36
133,Train,Wednesday,9,2.51,0,0,0,2.57,2.55,4.05,2.55,5.58,3.75
134,Train,Thursday,9,2.91,0,0,0,2.51,2.61,4.99,2.71,4.69,3.62
135,Train,Friday,9,3.66,0,0,0,2.91,2.2,2.99,2.02,4.1,4.59
136,Train,Monday,9,2.92,0,0,0,3.66,3.01,3.39,2.64,5.34,4.3
137,Train,Tuesday,9,2.71,0,0,0,2.92,2.83,6.06,2.02,4.27,3.7
138,Train,Wednesday,9,2.6,0,0,0,2.71,2.23,10.39,1.7,3.3,2.63
139,Train,Thursday,9,2.53,0,0,0,2.6,1.53,3.79,2.27,3.4,3.71
140,Train,Friday,9,2.57,0,0,0,2.53,4.46,3.32,6.18,3.14,2.76
141,Train,Monday,9,3.73,0,1,0,2.57,3.28,1.97,2.74,3.19,3.29
142,Train,Tuesday,9,3.73,1,0,0,3.73,5.89,2.4,2.88,4.61,4.67
143,Train,Wednesday,9,2.02,0,0,1,3.73,10.22,2.08,5.44,5.23,3.41
144,Train,Thursday,9,2.34,0,0,0,2.02,3.4,1.51,6.13,2.49,6.29
145,Train,Friday,9,1.81,0,0,0,2.34,2.74,2.2,2.93,3.1,11.27
146,Train,Monday,10,1.99,0,0,0,1.81,2.32,1.83,2.42,2.76,3.8
147,Train,Tuesday,10,1.8,0,0,0,1.99,2.23,2.24,2.28,2.85,4.72
148,Train,Wednesday,10,1.55,0,0,0,1.8,2.12,1.78,2.6,2.48,2.48
149,Train,Thursday,10,1.85,0,0,0,1.55,1.93,2.23,1.88,2.04,2.79
150,Train,Friday,10,1.79,0,0,0,1.85,2.2,1.68,1.64,2.38,3
151,Train,Monday,10,2.07,0,0,0,1.79,1.92,1.19,1.43,2.15,2.42
152,Train,Tuesday,10,1.55,0,0,0,2.07,2.08,1.71,1.37,3.03,2.72
153,Train,Wednesday,10,1.62,0,0,0,1.55,1.64,1.46,1.54,2.13,3.35
154,Train,Thursday,10,2.03,0,0,0,1.62,1.78,1.48,1.32,3.25,2.63
155,Train,Friday,10,2.51,0,0,0,2.03,1.72,1.9,1.43,2.61,2.33
156,Train,Monday,10,2.23,0,0,0,2.51,2.4,1.78,2.06,4.56,3.76
157,Train,Tuesday,10,2.43,0,0,0,2.23,2.33,2.02,2.26,4.06,3.84
158,Train,Wednesday,10,3.3,0,0,0,2.43,2.07,2.26,1.84,3.8,3.44
159,Train,Thursday,10,4.56,0,0,0,3.3,2.32,6.77,2.19,3.8,4.27
160,Train,Friday,10,2.55,0,0,0,4.56,3.36,3.28,1.6,2.66,3.81
161,Train,Monday,10,2.02,0,0,0,2.55,3.05,2.27,2.01,2.65,3.71
162,Train,Tuesday,10,2.29,0,0,0,2.02,2.07,1.84,1.69,2.14,2.9
163,Train,Wednesday,10,1.96,0,0,0,2.29,1.71,1.8,1.78,2.59,1.91
164,Train,Thursday,10,2.51,0,0,0,1.96,2.22,1.39,1.44,2.14,2.39
165,Train,Friday,10,1.82,0,0,0,2.51,3.09,2.84,2.06,2.45,2.73
166,Train,Monday,10,2.92,0,0,0,1.82,2.62,2.12,2.49,4,3.62
167,Train,Tuesday,10,2.11,0,0,0,2.92,2.41,2.13,2.26,3.8,4.95
168,Train,Wednesday,11,1.81,0,0,0,2.11,2.35,4.88,2.12,3.54,4.11
169,Train,Thursday,11,1.64,0,0,0,1.81,3.48,5.4,2.72,3.13,3.32
170,Train,Friday,11,1.91,0,0,0,1.64,2.14,2.34,1.38,2.54,2.92
171,Train,Tuesday,11,1.67,0,0,0,1.91,2.15,5.09,1.98,3.62,3.11
172,Train,Wednesday,11,2.22,0,0,0,1.67,1.96,4.75,2.03,3.27,3.46
173,Train,Thursday,11,2.18,0,0,0,2.22,1.65,2.57,1.67,2.52,3.09
174,Train,Friday,11,2.63,0,0,0,2.18,3.92,3.45,2.11,6.19,2.71
175,Train,Monday,11,2.43,0,0,0,2.63,2.38,2.66,2.39,4.5,2.89
176,Train,Tuesday,11,3.15,0,0,0,2.43,2.12,3.02,1.59,4.81,2.19
177,Train,Wednesday,11,2.17,0,0,0,3.15,2.95,2.4,3.29,3.67,3.36
178,Train,Thursday,11,4.6,0,0,0,2.17,2.81,1.59,2.19,2.99,2.93
179,Train,Friday,11,4.26,0,0,0,4.6,5.75,3.63,4.82,5.71,5.24
180,Train,Monday,11,2.49,0,0,0,4.26,4.98,3.25,3.63,5.43,5.27
181,Train,Tuesday,11,2.96,0,0,0,2.49,2.73,1.96,2.15,3.34,3.14
182,Train,Wednesday,11,2.07,0,0,0,2.96,2.82,3.49,8.02,3.36,2.73
183,Train,Thursday,11,1.67,0,0,0,2.07,2.25,2.2,3.99,2.85,2.69
184,Train,Friday,11,2.62,0,0,0,1.67,2.47,1.85,3.45,2.35,2.4
185,Train,Monday,11,4.8,0,0,0,2.62,2.36,2.18,2.79,3.26,4.12
186,Train,Tuesday,11,2.93,0,0,0,4.8,4.9,3.86,3.98,4.79,5.03
187,Train,Wednesday,11,3.6,0,0,0,2.93,3.32,5.42,2.65,3.28,2.91
188,Train,Thursday,11,3.35,0,0,0,3.6,4.08,5.77,3.03,3.92,3.23
189,Train,Friday,12,3.49,0,0,0,3.35,3.8,3.57,2.74,4.17,3.21
190,Train,Monday,12,2.78,0,0,0,3.49,5.5,4.36,7.88,4.32,5.13
191,Train,Tuesday,12,3.11,0,0,0,2.78,3.48,8.33,6.49,3.55,3.71
192,Train,Wednesday,12,2.27,0,0,0,3.11,2.62,4.01,4.85,3.66,2.87
193,Train,Thursday,12,1.97,0,0,0,2.27,2.69,3.1,5.2,2.72,2.73
194,Train,Friday,12,2.15,0,0,0,1.97,2.85,2.86,2.93,2.59,2.27
195,Train,Monday,12,2,0,0,0,2.15,1.93,2.49,2.7,2.83,2.3
196,Train,Tuesday,12,2.61,0,0,0,2,3.89,2.81,5.81,3.21,2.06
197,Train,Wednesday,12,3.03,0,0,0,2.61,2.11,2.11,2.71,3.46,2.74
198,Train,Thursday,12,2.82,0,0,0,3.03,3.42,2.33,2.63,3.08,2.39
199,Train,Friday,12,2.53,0,0,0,2.82,3.26,3.57,3.95,2.99,5.87
200,Train,Monday,12,1.97,0,0,0,2.53,2.19,4.07,3.96,3.76,3.59
201,Train,Tuesday,12,1.84,0,0,0,1.97,2.17,6.66,3.45,3.36,2.7
202,Train,Wednesday,12,1.88,0,0,0,1.84,2.49,9.25,2.5,2.57,2.41
203,Train,Thursday,12,1.94,0,0,0,1.88,2.82,7.36,3,2.7,2.13
204,Train,Friday,12,1.95,0,0,0,1.94,5.42,5.37,6.45,2.59,3.55
205,Train,Monday,12,3.13,0,1,0,1.95,3.69,3.33,6.97,2.23,2.51
206,Train,Tuesday,12,5.84,1,0,0,3.13,5.29,2.52,11.95,2.68,3.05
207,Train,Wednesday,12,2.92,0,0,1,5.84,9.22,1.98,5.43,2.47,3.06
208,Train,Thursday,12,3.86,0,0,0,2.92,3.89,2.52,9.23,4.4,6.48
209,Train,Friday,12,3.01,0,0,0,3.86,4.65,3.33,6.74,5.49,7.33
210,Train,Monday,13,2.94,0,0,0,3.01,5.05,2.71,5.72,3.28,4.09
211,Train,Tuesday,13,2.39,0,0,0,2.94,3.6,3.38,5.13,3.04,2.98
212,Train,Wednesday,13,2.67,0,0,0,2.39,2.94,2.04,3.73,2.4,3.84
213,Train,Thursday,13,2.51,0,0,0,2.67,4.12,4.25,4.05,2.66,6.04
214,Train,Friday,13,2.32,0,0,0,2.51,4.12,4.6,4.86,2.9,5.66
215,Train,Monday,13,2.36,0,0,0,2.32,2.48,2.51,3.28,2.42,3.49
216,Train,Tuesday,13,2.83,0,0,0,2.36,2.09,2.1,3.15,2.5,4.86
217,Train,Wednesday,13,1.88,0,0,0,2.83,3.21,2.09,3.94,2.87,4.55
218,Train,Thursday,13,2.65,0,0,0,1.88,1.78,2.51,2.28,1.81,2.57
219,Train,Friday,13,1.86,0,0,0,2.65,2.4,3.66,4.67,2.81,3.04
220,Train,Monday,13,2.32,0,0,0,1.86,2.53,2.52,4.6,2.61,3.31
221,Train,Tuesday,13,2.12,0,0,0,2.32,2.04,1.81,3.34,2.61,2.5
222,Train,Wednesday,13,2.5,0,0,0,2.12,2.1,2.38,2.49,3.9,2.9
223,Train,Thursday,13,2.44,0,0,0,2.5,3.83,1.75,3.2,6.06,6.45
224,Train,Friday,13,3.48,0,0,0,2.44,3.6,2.27,4.85,5.15,5.59
225,Train,Monday,13,3.38,0,0,0,3.48,3.28,2.4,4.97,5.16,5.48
226,Train,Tuesday,13,2.41,0,0,0,3.38,2.92,2.02,3.16,4.22,4.17
227,Train,Wednesday,13,2.68,0,0,0,2.41,1.94,1.62,2.49,3.05,2.64
228,Train,Friday,13,3.17,0,0,0,2.68,3.26,2.5,2.7,3.38,3.38
229,Train,Monday,13,4.77,0,0,0,3.17,3.49,2.2,3.05,3.9,3.69
230,Train,Tuesday,13,3.71,0,0,0,4.77,4.51,4.89,4.65,7.65,4.51
231,Train,Wednesday,14,3.42,0,0,0,3.71,3.65,3.38,5.55,6.7,4.23
232,Train,Thursday,14,4.65,0,0,0,3.42,3.13,2.89,4.44,6.01,3.65
233,Train,Friday,14,3.34,0,0,0,4.65,4.41,4.19,5.04,5.19,4.56
234,Train,Monday,14,3.45,0,0,0,3.34,3.3,2.7,3.98,4.73,3.89
235,Train,Tuesday,14,2.75,0,0,0,3.45,3.45,2.73,3.44,5.3,3.75
236,Train,Wednesday,14,2.47,0,0,0,2.75,2.6,1.93,3.65,5.14,2.56
237,Train,Thursday,14,4.24,0,0,0,2.47,2.49,2.06,3.09,4.79,2.61
238,Train,Friday,14,3.21,0,0,0,4.24,2.61,2.39,2.66,5.07,3.43
239,Train,Monday,14,4.94,0,0,0,3.21,2.91,2.19,4.21,6.75,3.52
240,Train,Tuesday,14,3.93,0,0,0,4.94,4.14,2.59,3.75,6.13,3.17
241,Train,Wednesday,14,3.89,0,0,0,3.93,3.9,2.48,4.51,5.76,4.27
242,Train,Thursday,14,5.33,0,0,0,3.89,3.61,2.73,4.14,6.61,3.44
243,Train,Friday,14,3.15,0,0,0,5.33,5.47,3.87,7.34,8.62,4.85
244,Train,Monday,14,2.75,0,0,0,3.15,2.91,2.93,3.28,4.73,3.25
245,Train,Tuesday,14,2.77,0,0,0,2.75,3.12,2.02,2.96,4.01,3.16
246,Train,Wednesday,14,2.18,0,0,0,2.77,2.84,2.03,3.07,4.05,3.11
247,Train,Thursday,14,2.22,0,0,0,2.18,2.83,1.41,2.56,3.01,2.08
248,Train,Monday,14,1.74,0,0,0,2.22,1.72,1.8,3.27,3.3,3.33
249,Train,Tuesday,14,1.67,0,0,0,1.74,2,1.64,3.05,3.48,3.1
250,Train,Wednesday,14,1.78,0,0,0,1.67,1.91,1.12,1.97,2.74,2.02
251,Train,Thursday,14,2,0,0,0,1.78,1.69,1.42,1.94,2.63,2.12
252,Train,Friday,14,3.21,0,0,0,2,1.95,1.74,2.36,2.82,2.75
253,Train/Validate,Monday,3,3.63,0,0,0,3.21,3.07,2.68,2.67,4.61,3.61
254,Train/Validate,Tuesday,3,4.45,0,0,0,3.63,3.04,3.82,2.93,4.36,3.99
255,Train/Validate,Wednesday,3,4.43,0,0,0,4.45,5.86,3.61,3.77,4.16,3.63
256,Train/Validate,Thursday,3,3.64,0,0,0,4.43,4,4.97,5.12,4.26,2.93
257,Train/Validate,Friday,3,4.93,0,0,0,3.64,3.2,2.93,2.7,3.86,2.62
258,Train/Validate,Monday,3,3.26,0,0,0,4.93,4.75,3.91,4.57,4.7,4.96
259,Train/Validate,Tuesday,3,3.82,0,0,0,3.26,3.09,2.68,2.97,3.35,3.55
260,Train/Validate,Wednesday,3,5.04,0,0,0,3.82,2.8,3.31,2.58,3.29,2.82
261,Train/Validate,Thursday,3,4.42,0,0,0,5.04,3.39,3.89,2.71,3.72,2.94
262,Train/Validate,Friday,3,4.71,0,0,0,4.42,3.18,6.83,3.08,3.54,2.59
263,Train/Validate,Tuesday,3,5.1,0,0,0,4.71,3.75,4.24,4.15,4.01,3.81
264,Train/Validate,Wednesday,3,3.94,0,0,0,5.1,3.15,3.79,3.81,4.17,3
265,Train/Validate,Thursday,3,6.45,0,0,0,3.94,3.2,11.06,3.02,4.02,4.08
266,Train/Validate,Friday,3,9.56,0,0,0,6.45,5.95,51.37,5.26,5.4,9.26
267,Train/Validate,Monday,3,8.09,0,1,0,9.56,8.19,28.43,7.11,7.15,8.78
268,Train/Validate,Tuesday,3,10.04,1,0,0,8.09,5.01,13.23,4.6,5.09,5.13
269,Train/Validate,Wednesday,3,5.94,0,0,1,10.04,5.24,11.07,5.21,4.76,5.38
270,Train/Validate,Thursday,3,5.52,0,0,0,5.94,3.43,21.26,4,5.36,4.37
271,Train/Validate,Friday,3,5.16,0,0,0,5.52,3.68,10.41,4.01,7.91,4.22
272,Train/Validate,Monday,3,4.55,0,0,0,5.16,4.29,17.49,3.95,5.08,4.42
273,Train/Validate,Tuesday,4,4.07,0,0,0,4.55,7.39,19.7,3.3,3.79,3.35
274,Train/Validate,Wednesday,4,4.86,0,0,0,4.07,13.2,12.52,10.74,3.74,4.94
275,Train/Validate,Thursday,4,3.9,0,0,0,4.86,7.67,8.64,34.5,3.93,12.79
276,Train/Validate,Friday,4,3.17,0,0,0,3.9,6.22,6.79,16.42,3.63,14.33
277,Train/Validate,Monday,4,3.6,0,0,0,3.17,5.9,7.16,16.27,3.4,5.81
278,Train/Validate,Tuesday,4,3.48,0,0,0,3.6,5.83,5.95,17.38,3.29,4.29
279,Train/Validate,Wednesday,4,5.04,0,0,0,3.48,4.32,6.76,15.89,3.13,3.89
280,Train/Validate,Thursday,4,4.36,0,0,0,5.04,4.23,7.36,9.05,4,3.86
281,Train/Validate,Friday,4,4.04,0,0,0,4.36,4.28,6.85,8.48,4.34,4.35
282,Train/Validate,Monday,4,3.05,0,0,0,4.04,3.67,6.3,7.01,3.79,4.81
283,Train/Validate,Tuesday,4,3.34,0,0,0,3.05,2.86,4.71,7.83,2.83,3.31
284,Train/Validate,Wednesday,4,3.61,0,0,0,3.34,2.68,4.6,8.41,2.69,2.98
285,Train/Validate,Thursday,4,3.81,0,0,0,3.61,4.19,4.08,7.12,3.06,3.61
286,Train/Validate,Friday,4,4.64,0,0,0,3.81,5.16,5.94,6.81,3.65,4.09
287,Train/Validate,Tuesday,4,4.21,0,0,0,4.64,4.81,5.83,7.32,4.01,3.73
288,Train/Validate,Wednesday,4,6.34,0,0,0,4.21,3.53,4.02,8.17,3.96,3.62
289,Train/Validate,Thursday,4,3.62,0,0,0,6.34,5.85,6.15,9.17,6.21,5.72
290,Train/Validate,Friday,4,3.21,0,0,0,3.62,3.91,4.2,6.91,4.04,3.54
291,Train/Validate,Monday,4,3.49,0,0,0,3.21,3.57,3.77,5.6,3.61,2.83
292,Train/Validate,Tuesday,5,3.54,0,0,0,3.49,2.84,2.84,4.95,3.66,2.52
293,Train/Validate,Wednesday,5,3.03,0,0,0,3.54,2.52,4.64,5.4,3.51,2.67
294,Train/Validate,Thursday,5,3.6,0,0,0,3.03,2.68,5.28,5.01,3.37,3.67
295,Train/Validate,Friday,5,4.8,0,0,0,3.6,3.26,4.64,5.9,3.69,3.43
296,Train/Validate,Monday,5,5.35,0,0,0,4.8,4.84,4.96,7.07,4.24,4.9
297,Train/Validate,Tuesday,5,3.91,0,0,0,5.35,4.32,5.57,6.89,5.77,5.19
298,Train/Validate,Wednesday,5,3.41,0,0,0,3.91,3.97,5.68,5.86,4.02,4.69
299,Train/Validate,Thursday,5,3.03,0,0,0,3.41,2.91,4.19,4.56,4.64,7.64
300,Train/Validate,Friday,5,3.41,0,0,0,3.03,3.39,4.2,6.36,4.26,3.9
301,Train/Validate,Monday,5,3.81,0,0,0,3.41,4.16,5.13,5.69,4.78,4.18
302,Train/Validate,Tuesday,5,4.3,0,0,0,3.81,3.31,4.75,5.86,4.09,4.27
303,Train/Validate,Wednesday,5,3.43,0,0,0,4.3,3.8,6.06,7.46,4.5,6.54
304,Train/Validate,Thursday,5,4.82,0,0,0,3.43,3.03,5.06,5.41,3.33,4.13
305,Train/Validate,Friday,5,3.25,0,0,0,4.82,4.77,7.26,9.57,5.47,5.85
306,Train/Validate,Monday,5,3.07,0,0,0,3.25,2.9,4.23,5.54,4.22,3.79
307,Train/Validate,Tuesday,5,2.86,0,0,0,3.07,3.81,3.71,5.87,3.59,3.62
308,Train/Validate,Wednesday,5,2.72,0,0,0,2.86,2.7,3.25,4.35,4.31,3.15
309,Train/Validate,Thursday,5,2.51,0,0,0,2.72,2.84,3.36,5.77,3.96,3.22
310,Train/Validate,Friday,5,3.29,0,0,0,2.51,2.58,3.11,7.33,3.54,2.8
311,Train/Validate,Monday,5,3.38,0,0,0,3.29,3.76,3.77,4.82,3.97,3.38
312,Train/Validate,Tuesday,5,3.13,0,0,0,3.38,3.66,5.13,5.77,4.43,3.74
313,Train/Validate,Wednesday,5,3.71,0,0,0,3.13,2.14,3.5,4.7,4.03,3.19
314,Train/Validate,Thursday,5,3.01,0,0,0,3.71,4.03,3.6,4.43,4.53,3.38
315,Train/Validate,Friday,6,2.71,0,0,0,3.01,2.77,4.04,3.59,3.46,3.22
316,Train/Validate,Monday,6,2.57,0,0,0,2.71,2.78,6.11,5.15,3.37,2.83
317,Train/Validate,Tuesday,6,4.46,0,0,0,2.57,2.31,3.68,5.46,3.23,3.04
318,Train/Validate,Wednesday,6,3.49,0,0,0,4.46,3.48,3.78,5.31,3.92,4.45
319,Train/Validate,Thursday,6,2.71,0,0,0,3.49,2.81,4.31,3.86,3.42,3.84
320,Train/Validate,Friday,6,3.84,0,0,0,2.71,2.7,3.51,3.37,3.37,2.59
321,Train/Validate,Monday,6,3.44,0,0,0,3.84,3.95,3.29,3.76,3.18,2.95
322,Train/Validate,Tuesday,6,2.44,0,0,0,3.44,3.52,3.33,3.7,3.49,3.12
323,Train/Validate,Wednesday,6,3.14,0,0,0,2.44,3,2.82,3.53,3.11,3.03
324,Train/Validate,Thursday,6,2.31,0,0,0,3.14,3.4,3.8,3.37,3.32,2.92
325,Train/Validate,Monday,6,2.49,0,0,0,2.31,2.24,4.43,3.04,3.04,2.63
326,Train/Validate,Tuesday,6,2.55,0,0,0,2.49,2.84,18.29,3.69,2.98,3.1
327,Train/Validate,Wednesday,6,3.27,0,0,0,2.55,3.4,116.41,7.89,2.99,3.37
328,Train/Validate,Thursday,6,3.27,0,0,0,3.27,3.9,46.75,9.17,3.84,3.62
329,Train/Validate,Friday,6,3.97,0,0,0,3.27,6.13,32.76,6.68,3.73,4.15
330,Train/Validate,Monday,6,5.17,0,1,0,3.97,4.96,24.62,5.38,4.22,3.49
331,Train/Validate,Tuesday,6,7.05,1,0,0,5.17,7.83,17.72,5.82,4.21,4.38
332,Train/Validate,Wednesday,6,3.74,0,0,1,7.05,9.83,19.45,13.05,3.87,4.02
333,Train/Validate,Thursday,6,4.12,0,0,0,3.74,5.23,18.7,18.49,5.72,6.65
334,Train/Validate,Friday,6,3.91,0,0,0,4.12,4.57,14.31,9.02,5.79,15.41
335,Train/Validate,Monday,7,2.89,0,0,0,3.91,3.81,12.76,9.15,5.43,8.41
336,Train/Validate,Tuesday,7,3.73,0,0,0,2.89,2.69,10.34,7.62,3.91,4.47
337,Train/Validate,Wednesday,7,4.8,0,0,0,3.73,5.34,10.66,7.76,4.76,6.25
338,Train/Validate,Thursday,7,4.19,0,0,0,4.8,4.94,12.4,7.55,5.74,8.18
339,Train/Validate,Friday,7,5.3,0,0,0,4.19,4.25,15,6.38,5.11,7.05
340,Train/Validate,Monday,7,4.37,0,0,0,5.3,4.37,12.22,6.65,5.79,7.28
341,Train/Validate,Tuesday,7,5.44,0,0,0,4.37,4.24,12.14,6.32,5.07,5.98
342,Train/Validate,Wednesday,7,5.67,0,0,0,5.44,4.03,11.05,5.72,6.3,6.2
343,Train/Validate,Thursday,7,3.88,0,0,0,5.67,5.76,15.43,7.03,8.02,7.47
344,Train/Validate,Friday,7,3.62,0,0,0,3.88,3.76,11.47,4.51,5.01,5.3
345,Train/Validate,Monday,7,3.2,0,0,0,3.62,2.79,14.1,5.05,3.81,4.22
346,Train/Validate,Tuesday,7,3.5,0,0,0,3.2,2.47,8.62,4.56,3.44,4.32
347,Train/Validate,Wednesday,7,3.63,0,0,0,3.5,3.77,8.43,4.39,4.83,6.14
348,Train/Validate,Thursday,7,4.43,0,0,0,3.63,3.67,9.11,4.48,5.99,5
349,Train/Validate,Friday,7,3.69,0,0,0,4.43,5.25,9.13,5.8,6.04,5.64
350,Train/Validate,Monday,7,3.23,0,0,0,3.69,4,8.4,4.6,5.18,6.14
351,Train/Validate,Tuesday,7,3.17,0,0,0,3.23,8.22,6.72,9.24,4.58,5.82
352,Train/Validate,Wednesday,7,2.78,0,0,0,3.17,4.33,7.47,5.14,4.07,5.28
353,Train/Validate,Thursday,7,2.99,0,0,0,2.78,4.07,7.04,4.23,3.98,5.28
354,Train/Validate,Friday,7,4.21,0,0,0,2.99,4.06,7.51,4.14,4.02,5.35
355,Train/Validate,Tuesday,7,2.81,0,0,0,4.21,5.36,9.97,4.8,4.56,8.18
356,Train/Validate,Wednesday,8,4.89,0,0,0,2.81,3.92,7.34,6.71,3.27,7.25
357,Train/Validate,Thursday,8,3.12,0,0,0,4.89,4.07,8.44,5.86,3.18,5.69
358,Train/Validate,Friday,8,2.49,0,0,0,3.12,2.8,6.29,3.58,3.89,5.52
359,Train/Validate,Monday,8,2.54,0,0,0,2.49,3.59,4.69,5.6,3.6,5.12
360,Train/Validate,Tuesday,8,1.93,0,0,0,2.54,3.39,4.23,3.46,2.98,3.25
361,Train/Validate,Wednesday,8,2.94,0,0,0,1.93,2.81,6.32,4.09,2.37,2.47
362,Train/Validate,Thursday,8,3.53,0,0,0,2.94,2.77,6.07,4.3,3.06,2.54
363,Train/Validate,Friday,8,5.13,0,0,0,3.53,4.44,11.43,5.06,4.03,3.32
364,Train/Validate,Monday,8,3.2,0,0,0,5.13,5.06,8.92,5.83,5.38,3.76
365,Train/Validate,Tuesday,8,3.68,0,0,0,3.2,3.6,10.09,4.99,3.73,2.64
366,Train/Validate,Wednesday,8,3.69,0,0,0,3.68,4.27,10.78,5.48,4.02,3.22
367,Train/Validate,Thursday,8,4.79,0,0,0,3.69,5.78,7.15,4.94,4.87,3.12
368,Train/Validate,Friday,8,3.33,0,0,0,4.79,5.51,10.6,5.75,5.92,3.78
369,Train/Validate,Tuesday,8,2.89,0,0,0,3.33,5.07,10.61,9.31,3.56,2.69
370,Train/Validate,Wednesday,8,2.88,0,0,0,2.89,3.31,10.49,8.74,3.25,2.28
371,Train/Validate,Thursday,8,3.77,0,0,0,2.88,3.04,8.33,7.47,3.18,2.44
372,Train/Validate,Friday,8,2.74,0,0,0,3.77,4.42,10.84,12.63,3.93,2.66
373,Train/Validate,Monday,8,3.04,0,0,0,2.74,3.9,7.29,5.36,3.23,2.36
374,Train/Validate,Tuesday,8,2.23,0,0,0,3.04,3.85,6.28,5.1,2.96,2.85
375,Train/Validate,Wednesday,8,3.53,0,0,0,2.23,2.65,5.03,5.25,2.91,2.51
376,Train/Validate,Thursday,8,2.54,0,0,0,3.53,4.62,6.88,6.47,4.35,3.7
377,Train/Validate,Friday,9,2.55,0,0,0,2.54,3.8,4.54,5.77,3.12,2.77
378,Train/Validate,Tuesday,9,2.65,0,0,0,2.55,4.24,6.4,5.27,3.23,2.91
379,Train/Validate,Wednesday,9,2.32,0,0,0,2.65,4.02,5.02,4.24,3.26,2.54
380,Train/Validate,Thursday,9,2.19,0,0,0,2.32,4.39,5.52,4.43,2.91,2.19
381,Train/Validate,Friday,9,2.17,0,0,0,2.19,4.13,5.09,3.53,2.84,1.73
382,Train/Validate,Monday,9,3.99,0,0,0,2.17,3.35,5.27,4.02,2.79,2.03
383,Train/Validate,Tuesday,9,3.28,0,0,0,3.99,3.21,5.98,3.06,3.41,2.06
384,Train/Validate,Wednesday,9,2.79,0,0,0,3.28,4.68,11.13,3.04,3.14,2.33
385,Train/Validate,Thursday,9,3.31,0,0,0,2.79,3.98,7.89,4.36,3.44,1.94
386,Train/Validate,Friday,9,2.33,0,0,0,3.31,5.01,14.27,4.28,3.36,3.19
387,Train/Validate,Monday,9,2.78,0,0,0,2.33,5.46,14.24,4.33,3.58,2.24
388,Train/Validate,Tuesday,9,2.53,0,0,0,2.78,4.63,24.65,4.75,3.65,2.31
389,Train/Validate,Wednesday,9,2.49,0,0,0,2.53,4.5,47.23,4.55,2.85,2.7
390,Train/Validate,Thursday,9,2.44,0,0,0,2.49,4.14,20.51,5,2.86,2.28
391,Train/Validate,Friday,9,2.34,0,0,0,2.44,6.2,15.53,7.82,2.95,1.95
392,Train/Validate,Monday,9,4.38,0,1,0,2.34,4.39,9.55,4.8,2.36,1.9
393,Train/Validate,Tuesday,9,5.11,1,0,0,4.38,6.09,8.31,5.23,2.42,2.54
394,Train/Validate,Wednesday,9,3.72,0,0,1,5.11,7.59,9.17,8.05,3.46,2.33
395,Train/Validate,Thursday,9,3.58,0,0,0,3.72,4.16,7.82,13.44,3.58,3.12
396,Train/Validate,Friday,9,2.39,0,0,0,3.58,4.72,7.9,7.73,4.48,5.65
397,Train/Validate,Monday,10,2.53,0,0,0,2.39,3.3,4.8,7.45,2.98,2.91
398,Train/Validate,Tuesday,10,2.61,0,0,0,2.53,2.57,5.55,5.03,2.64,2.35
399,Train/Validate,Wednesday,10,2.01,0,0,0,2.61,3.62,5.59,5.83,3.63,2.72
400,Train/Validate,Thursday,10,1.86,0,0,0,2.01,2.74,6.23,4.4,2.44,2.67
401,Train/Validate,Friday,10,2.08,0,0,0,1.86,2.43,4.83,4.74,2.49,1.92
402,Train/Validate,Monday,10,2.6,0,0,0,2.08,2.43,9.58,5.02,2.65,1.98
403,Train/Validate,Tuesday,10,2.75,0,0,0,2.6,2.42,5.41,3.43,2.77,1.53
404,Train/Validate,Wednesday,10,2.23,0,0,0,2.75,3.93,8.07,5.55,3.09,2.07
405,Train/Validate,Thursday,10,2.52,0,0,0,2.23,3.08,7.66,4.41,2.51,1.7
406,Train/Validate,Friday,10,2.01,0,0,0,2.52,2.42,5.32,3.91,2.99,1.8
407,Train/Validate,Monday,10,2.01,0,0,0,2.01,2.47,5.7,2.92,2.38,1.48
408,Train/Validate,Tuesday,10,2.03,0,0,0,2.01,2.42,4.47,3.89,2.48,2.24
409,Train/Validate,Wednesday,10,1.91,0,0,0,2.03,2.9,4.9,3.69,3.5,1.82
410,Train/Validate,Thursday,10,2.29,0,0,0,1.91,2.28,4.61,3.46,2.74,1.42
411,Train/Validate,Friday,10,2.79,0,0,0,2.29,2.77,6.54,4.82,3.09,1.83
412,Train/Validate,Monday,10,1.95,0,0,0,2.79,2.72,7.51,3.58,3.03,1.91
413,Train/Validate,Tuesday,10,2.02,0,0,0,1.95,2.01,4.54,3.33,2.38,1.37
414,Train/Validate,Wednesday,10,1.87,0,0,0,2.02,2.25,4.72,3.89,2.37,1.46
415,Train/Validate,Thursday,10,3.06,0,0,0,1.87,2.15,3.29,2.86,2.25,1.42
416,Train/Validate,Friday,10,2.26,0,0,0,3.06,4.73,4.68,4.41,3.47,2.02
417,Train/Validate,Monday,10,2.53,0,0,0,2.26,2.69,6.2,3.76,3.22,1.82
418,Train/Validate,Tuesday,10,2.76,0,0,0,2.53,3.49,5.01,3.6,3.43,1.87
419,Train/Validate,Wednesday,10,2.59,0,0,0,2.76,3.63,7.51,7.51,3.87,2.03
420,Train/Validate,Thursday,11,2.54,0,0,0,2.59,3.6,6.36,5.53,3.26,2.15
421,Train/Validate,Friday,11,2.37,0,0,0,2.54,3.07,7.12,4.16,3.39,2.18
422,Train/Validate,Tuesday,11,2.68,0,0,0,2.37,3.18,6.51,3.55,3.25,1.66
423,Train/Validate,Wednesday,11,2.26,0,0,0,2.68,2.94,7.12,3.09,3.84,1.84
424,Train/Validate,Thursday,11,2.46,0,0,0,2.26,3.07,5.88,4.14,3.73,1.67
425,Train/Validate,Friday,11,2.09,0,0,0,2.46,2.94,5.85,4.06,2.99,1.88
426,Train/Validate,Monday,11,3.71,0,0,0,2.09,2.91,5.28,4.27,4.61,2.04
427,Train/Validate,Tuesday,11,2.65,0,0,0,3.71,4.84,6.98,8.16,5.39,2.75
428,Train/Validate,Wednesday,11,3.5,0,0,0,2.65,3.36,7.17,7.91,3.86,1.72
429,Train/Validate,Thursday,11,4.42,0,0,0,3.5,4.33,16.98,6.35,3.98,2.01
430,Train/Validate,Friday,11,2.98,0,0,0,4.42,5.43,16.68,7.37,7.25,4.38
431,Train/Validate,Monday,11,2.96,0,0,0,2.98,2.92,15.66,4.07,3.58,1.79
432,Train/Validate,Tuesday,11,3.18,0,0,0,2.96,3.36,14.02,4.27,4.73,1.81
433,Train/Validate,Wednesday,11,3.45,0,0,0,3.18,4,7.99,7.04,4.47,2.22
434,Train/Validate,Thursday,11,3.8,0,0,0,3.45,4.35,8.74,6.32,3.81,2.09
435,Train/Validate,Friday,11,3.08,0,0,0,3.8,4.01,9.79,5.82,4.22,2.47
436,Train/Validate,Monday,11,3,0,0,0,3.08,3.43,7.14,5.6,4.1,2.38
437,Train/Validate,Tuesday,11,3.23,0,0,0,3,3.81,6.77,5.67,3.71,2.28
438,Train/Validate,Wednesday,11,3.06,0,0,0,3.23,4.12,15.36,6,6.46,2.11
439,Train/Validate,Thursday,11,3.96,0,0,0,3.06,3.93,16.57,7.16,5.63,2.24
440,Train/Validate,Friday,11,3.21,0,0,0,3.96,4.17,10.34,6.09,5.49,2.25
441,Train/Validate,Monday,12,3.88,0,0,0,3.21,3.55,7.55,5.09,5.03,1.93
442,Train/Validate,Tuesday,12,2.27,0,0,0,3.88,3.66,12.15,6.37,3.88,2.38
443,Train/Validate,Wednesday,12,2.25,0,0,0,2.27,2.81,9.47,5.14,3.49,1.83
444,Train/Validate,Thursday,12,4.2,0,0,0,2.25,2.83,8.03,6.66,3.01,1.6
445,Train/Validate,Friday,12,3.31,0,0,0,4.2,3.48,8.57,6.1,3.78,2.07
446,Train/Validate,Monday,12,3.39,0,0,0,3.31,2.31,8.73,4.42,3.29,1.61
447,Train/Validate,Tuesday,12,2.43,0,0,0,3.39,3.36,13.32,7.07,3.39,2.14
448,Train/Validate,Wednesday,12,4.73,0,0,0,2.43,2.78,11.33,6.36,3.1,1.73
449,Train/Validate,Thursday,12,3.35,0,0,0,4.73,4.38,15.26,6.31,4.98,3.29
450,Train/Validate,Friday,12,3.13,0,0,0,3.35,3.22,13.35,4.33,3.9,2.57
451,Train/Validate,Monday,12,2.93,0,0,0,3.13,3.6,18.38,5.44,3.75,2.38
452,Train/Validate,Tuesday,12,2.23,0,0,0,2.93,3.05,22.54,4.68,4.36,2.49
453,Train/Validate,Wednesday,12,2.43,0,0,0,2.23,3.02,40.77,5.64,2.72,1.79
454,Train/Validate,Thursday,12,2.93,0,0,0,2.43,3.21,14.99,4.84,2.84,1.85
455,Train/Validate,Friday,12,2.77,0,0,0,2.93,4.18,21.73,8.52,3.81,2.11
456,Train/Validate,Monday,12,3.87,0,1,0,2.77,3.44,11.61,11.67,3.34,1.88
457,Train/Validate,Tuesday,12,9.19,1,0,0,3.87,5.15,13.18,7.06,3.29,1.93
458,Train/Validate,Wednesday,12,4.49,0,0,1,9.19,11.19,13.74,16.41,3.89,2.61
459,Train/Validate,Thursday,12,4.52,0,0,0,4.49,7.68,12.71,42.64,4.8,4.91
460,Train/Validate,Friday,12,3.15,0,0,0,4.52,5.54,8.69,17.74,7.24,8.46
461,Train/Validate,Monday,12,3.4,0,0,0,3.15,4.02,6.54,22.3,4.3,3.8
462,Train/Validate,Tuesday,13,4.27,0,0,0,3.4,5.97,6.02,20.25,3.53,5.81
463,Train/Validate,Wednesday,13,4.09,0,0,0,4.27,7.24,9.02,13.19,4.11,5.14
464,Train/Validate,Thursday,13,4.09,0,0,0,4.09,7.86,6.15,11.14,4.31,5.18
465,Train/Validate,Friday,13,3.73,0,0,0,4.09,6.48,9.7,10.22,6.19,5.01
466,Train/Validate,Monday,13,3.14,0,0,0,3.73,4.32,6.9,15.06,3.66,2.94
467,Train/Validate,Tuesday,13,3.1,0,0,0,3.14,3.86,6.71,9.57,3.98,3.36
468,Train/Validate,Wednesday,13,5.15,0,0,0,3.1,4.03,6.32,19.77,3.3,3.44
469,Train/Validate,Thursday,13,3.85,0,0,0,5.15,6.55,8.44,14.81,5.23,6.58
470,Train/Validate,Friday,13,3.46,0,0,0,3.85,4.19,8.36,11.03,4.13,4.23
471,Train/Validate,Monday,13,3.49,0,0,0,3.46,3.83,15.73,9.81,3.23,3.77
472,Train/Validate,Tuesday,13,2.68,0,0,0,3.49,5.27,12.77,9.31,3.95,4.22
473,Train/Validate,Wednesday,13,2.57,0,0,0,2.68,3.69,7.01,6.12,2.82,3.34
474,Train/Validate,Thursday,13,3.07,0,0,0,2.57,3.3,8.58,6.65,3.54,3.13
475,Train/Validate,Friday,13,2.94,0,0,0,3.07,3.6,7.34,6.13,3.29,2.75
476,Train/Validate,Monday,13,2.18,0,0,0,2.94,2.75,6.31,4.47,2.58,3.2
477,Train/Validate,Tuesday,13,2.17,0,0,0,2.18,2.97,5.46,5.34,2.28,2.36
478,Train/Validate,Wednesday,13,1.02,0,0,0,2.17,2.39,5.17,3.92,2.56,2.25
479,Train/Validate,Friday,13,2.76,0,0,0,1.02,1.23,2.83,2.21,1.55,1.33
480,Train/Validate,Monday,13,2,0,0,0,2.76,3.33,4.1,4.29,3.05,2.85
481,Train/Validate,Tuesday,13,5.28,0,0,0,2,2.54,5.04,4.39,3.68,2.48
482,Train/Validate,Wednesday,13,2.89,0,0,0,5.28,5.53,14.04,7.96,4.91,3.9
483,Train/Validate,Thursday,14,2.39,0,0,0,2.89,3.64,12.81,6.71,3.13,2.6
484,Train/Validate,Friday,14,2.61,0,0,0,2.39,2.72,11.08,7.34,2.88,2.75
485,Train/Validate,Monday,14,2.5,0,0,0,2.61,3.09,7.35,6.52,3.03,2.71
486,Train/Validate,Tuesday,14,2.27,0,0,0,2.5,3.16,6.26,8.02,2.84,2.86
487,Train/Validate,Wednesday,14,2.51,0,0,0,2.27,3.93,6.82,5.41,3.06,2.58
488,Train/Validate,Thursday,14,2.29,0,0,0,2.51,4.08,6.28,5.7,2.73,2.78
489,Train/Validate,Friday,14,3.41,0,0,0,2.29,3.58,12.54,4.78,3.35,2.55
490,Train/Validate,Monday,14,4.69,0,0,0,3.41,3.72,8.86,4.55,3.1,2.34
491,Train/Validate,Tuesday,14,3.93,0,0,0,4.69,5.15,9.36,8.21,4.13,3.8
492,Train/Validate,Wednesday,14,3.95,0,0,0,3.93,3.64,6.57,6.78,3.63,2.66
493,Train/Validate,Thursday,14,10.54,0,0,0,3.95,5.09,15.45,6.34,4.35,3.21
494,Train/Validate,Friday,14,3.3,0,0,0,10.54,7.36,12.32,12.32,7.04,6.08
495,Train/Validate,Monday,14,2.8,0,0,0,3.3,3.74,5.38,5.47,3.5,3.16
496,Train/Validate,Tuesday,14,2.63,0,0,0,2.8,2.97,6.03,5.28,3.42,2.82
497,Train/Validate,Wednesday,14,3.19,0,0,0,2.63,3.14,5.55,3.74,3.78,2.25
498,Train/Validate,Thursday,14,2.37,0,0,0,3.19,3.51,6.85,4.34,3.43,3.09
499,Train/Validate,Friday,14,1.86,0,0,0,2.37,2.92,3.7,3.27,2.81,2.18
500,Train/Validate,Tuesday,14,1.94,0,0,0,1.86,2.55,5.04,3.93,3.03,2.17
501,Train/Validate,Wednesday,14,2.2,0,0,0,1.94,2.47,5.22,3.6,3.76,2.21
502,Train/Validate,Thursday,14,2.44,0,0,0,2.2,2.96,8.36,4.11,3.32,2.08
503,Train/Validate,Friday,14,2.86,0,0,0,2.44,3.04,6.59,3.6,3.39,2.36
504,Test,Tuesday,3,,0,0,0,2.86,3.57,5.89,6.53,4.93,2.91
505,Test,Wednesday,3,,0,0,0,,4.42,8.15,5.98,3.92,2.61
506,Test,Thursday,3,,0,0,0,,3.45,7.26,4.67,3.57,2.58
507,Test,Friday,3,,0,0,0,,5.27,7.8,5.07,3.86,3.16
508,Test,Monday,3,,0,0,0,,3.67,5.91,4.9,3.11,2.47
509,Test,Tuesday,3,,0,0,0,,3.86,11.41,5.27,2.81,2.57
510,Test,Wednesday,3,,0,0,0,,3.41,8.34,4.67,3.05,3.9
511,Test,Thursday,3,,0,0,0,,3.84,9.48,5.66,3.14,3.23
512,Test,Friday,3,,0,0,0,,3.34,7.23,4.12,2.54,3.24
513,Test,Tuesday,3,,0,0,0,,4.13,8.07,3.88,2.8,2.76
514,Test,Wednesday,3,,0,0,0,,3.71,6.8,3.8,3.06,3.04
515,Test,Thursday,3,,0,0,0,,4.69,15.71,5.32,2.56,2.61
516,Test,Friday,3,,0,0,0,,8.02,24.79,5.27,3.53,2.56
517,Test,Monday,3,,0,1,0,,5.07,13.67,5.04,3.59,2.9
518,Test,Tuesday,3,,1,0,0,,4.2,10.31,4.03,2.92,2.54
519,Test,Wednesday,3,,0,0,1,,5.38,6.78,4.88,2.89,3.57
520,Test,Thursday,3,,0,0,0,,3.82,7.2,4.68,2.38,2.6
521,Test,Friday,3,,0,0,0,,4.29,5.85,6.57,3.1,3.33
522,Test,Monday,3,,0,0,0,,3.45,4.47,5.15,2.82,2.68
523,Test,Tuesday,3,,0,0,0,,3.79,4.93,5.48,2.9,2.52
524,Test,Wednesday,4,,0,0,0,,4.51,6.97,10.22,3.42,3.05
525,Test,Thursday,4,,0,0,0,,8.85,6.84,27.59,5.2,6
526,Test,Friday,4,,0,0,0,,8.27,8.2,14.1,6.78,5.49
527,Test,Monday,4,,0,0,0,,4.06,4.34,7.8,3.07,3.11
528,Test,Tuesday,4,,0,0,0,,6.2,5.46,8.64,3.66,4.53
529,Test,Wednesday,4,,0,0,0,,12.01,5.45,6.64,2.82,2.89
530,Test,Thursday,4,,0,0,0,,15.13,5.98,6.82,2.46,2.45
531,Test,Friday,4,,0,0,0,,6.98,6.34,6.14,2.53,2
532,Test,Monday,4,,0,0,0,,6.35,6.22,5.78,2.73,2
533,Test,Tuesday,4,,0,0,0,,6.94,4.03,4.42,2.71,2.13
534,Test,Wednesday,4,,0,0,0,,6.38,3.46,4.65,2.89,1.82
535,Test,Thursday,4,,0,0,0,,5.39,4.54,4.74,3,2.13
536,Test,Friday,4,,0,0,0,,4.35,4.62,4.44,2.6,2.31
537,Test,Tuesday,4,,0,0,0,,4.27,4.98,6.42,2.85,2.14
538,Test,Wednesday,4,,0,0,0,,3.92,3.95,4.12,2.25,2.26
539,Test,Thursday,4,,0,0,0,,5.23,11.53,3.68,2.13,1.84
540,Test,Friday,4,,0,0,0,,4.63,5.95,3.64,2.44,2.16
541,Test,Monday,4,,0,0,0,,3.48,5.36,3.54,1.98,1.8
542,Test,Tuesday,4,,0,0,0,,3.82,3.2,8.45,2.22,1.67
543,Test,Wednesday,5,,0,0,0,,3.95,4.27,5.69,2.44,1.99
544,Test,Thursday,5,,0,0,0,,4.07,4.28,3.19,2.3,2.11
545,Test,Friday,5,,0,0,0,,4.45,5.19,8.44,3.11,2.11
546,Test,Monday,5,,0,0,0,,4.14,4.92,6.1,3.85,1.97
547,Test,Tuesday,5,,0,0,0,,3.53,3.96,6.74,2.47,1.93
548,Test,Wednesday,5,,0,0,0,,4.32,3.02,3.57,2.07,1.7
549,Test,Thursday,5,,0,0,0,,3.65,6.48,4.88,2.37,2.13
550,Test,Friday,5,,0,0,0,,4.55,5,4.71,3.02,2.65
551,Test,Monday,5,,0,0,0,,4.74,5.46,4.54,3.71,2.74
552,Test,Tuesday,5,,0,0,0,,4.57,5.18,7.64,3.24,2.31
553,Test,Wednesday,5,,0,0,0,,6.41,8.01,7.72,3.39,2.68
554,Test,Thursday,5,,0,0,0,,8.31,6.89,9.32,3.35,3.21
555,Test,Friday,5,,0,0,0,,7.75,6.03,9.2,4.35,3.31
556,Test,Monday,5,,0,0,0,,4.18,4.46,4.62,3.24,2.36
557,Test,Tuesday,5,,0,0,0,,5.34,4.26,5.83,3.25,2.22
558,Test,Wednesday,5,,0,0,0,,5.5,5.03,5.22,3.33,2.18
559,Test,Thursday,5,,0,0,0,,5.16,13.61,5.03,3.01,2.18
560,Test,Friday,5,,0,0,0,,3.85,11.35,5.08,2.62,2.13
561,Test,Monday,5,,0,0,0,,3.94,7.48,3.4,2.3,1.77
562,Test,Tuesday,5,,0,0,0,,4.06,5.63,3.5,2.02,1.47
563,Test,Wednesday,5,,0,0,0,,3.64,5.49,3.46,2.26,1.89
564,Test,Thursday,5,,0,0,0,,4.19,6.22,4.15,2.17,2.03
565,Test,Friday,5,,0,0,0,,4.67,4.9,4.63,3.02,2.15
566,Test,Monday,6,,0,0,0,,3.17,3.85,3.29,2.5,1.56
567,Test,Tuesday,6,,0,0,0,,3.09,2.87,3.86,2.04,1.84
568,Test,Wednesday,6,,0,0,0,,3.58,3.66,3.55,2.26,1.71
569,Test,Thursday,6,,0,0,0,,6.17,4.03,4.78,1.99,1.66
570,Test,Monday,6,,0,0,0,,3.43,2.31,2.95,2.1,1.41
571,Test,Tuesday,6,,0,0,0,,3.33,3.52,3.06,2.09,2.29
572,Test,Wednesday,6,,0,0,0,,3.09,3.44,3.48,2.2,2.15
573,Test,Thursday,6,,0,0,0,,3.14,6.46,4.28,3.01,2.57
574,Test,Friday,6,,0,0,0,,3.37,4.66,3.96,2.17,1.95
575,Test,Monday,6,,0,0,0,,4.76,5.36,2.84,1.82,1.51
576,Test,Tuesday,6,,0,0,0,,3.37,15.68,2.25,2.2,1.51
577,Test,Wednesday,6,,0,0,0,,2.65,19.27,2.91,2.14,2.21
578,Test,Thursday,6,,0,0,0,,3.53,8.66,3.02,2.31,2.18
579,Test,Friday,6,,0,0,0,,3.26,5.52,3.26,2.57,3.29
580,Test,Monday,6,,0,1,0,,2.98,4.87,2.89,1.84,2.64
581,Test,Tuesday,6,,1,0,0,,5.92,4.72,3.52,2.14,2.46
582,Test,Wednesday,6,,0,0,1,,6.76,4.03,7.7,2,2.8
583,Test,Thursday,6,,0,0,0,,6.35,4.89,13.07,2.85,5.68
584,Test,Friday,6,,0,0,0,,4.58,3.69,7.27,2.43,4.95
585,Test,Monday,7,,0,0,0,,3.38,4.65,5.35,2.31,2.83
586,Test,Tuesday,7,,0,0,0,,3.93,3.76,4.47,2.13,2.78
587,Test,Wednesday,7,,0,0,0,,2.75,4.37,6.34,2.86,2.47
588,Test,Thursday,7,,0,0,0,,2.96,3.37,3.28,3.57,1.72
589,Test,Friday,7,,0,0,0,,3.38,3.48,4.96,4.98,2.2
590,Test,Monday,7,,0,0,0,,3.36,4.79,3.01,2.46,1.87
591,Test,Tuesday,7,,0,0,0,,4.61,4.82,3.1,1.99,1.67
592,Test,Wednesday,7,,0,0,0,,8.01,3.74,3.51,2.36,2.98
593,Test,Thursday,7,,0,0,0,,9.99,7.01,3.75,2.18,2.84
594,Test,Friday,7,,0,0,0,,5.21,5.29,2.97,2,1.89
595,Test,Monday,7,,0,0,0,,4.6,3.23,3.79,1.64,2.01
596,Test,Tuesday,7,,0,0,0,,5.71,2.91,3.33,1.85,2.71
597,Test,Wednesday,7,,0,0,0,,4.22,3.45,3.89,2.55,2.49
598,Test,Thursday,7,,0,0,0,,4.47,18.25,4.22,2.88,2.77
599,Test,Friday,7,,0,0,0,,5.24,7.1,3.99,2.45,2.09
600,Test,Monday,7,,0,0,0,,4.47,4.71,5.09,1.92,2.68
601,Test,Tuesday,7,,0,0,0,,4.31,5.97,3.26,2.23,2.56
602,Test,Wednesday,7,,0,0,0,,4.33,6.94,3.25,1.98,2.41
603,Test,Thursday,7,,0,0,0,,5.36,5.44,4.1,2.47,2.52
604,Test,Friday,7,,0,0,0,,4.52,8.13,4.73,2.41,3.67
605,Test,Tuesday,7,,0,0,0,,4.44,9.42,4.37,2.46,2.43
606,Test,Wednesday,7,,0,0,0,,4.73,6.09,4.67,4.38,2.76
607,Test,Thursday,8,,0,0,0,,3.9,6.22,4.7,3.03,2.06
608,Test,Friday,8,,0,0,0,,3.42,5.14,3.56,2.73,2.32
609,Test,Monday,8,,0,0,0,,4.1,6.31,3.8,5.36,1.82
610,Test,Tuesday,8,,0,0,0,,3.38,4.34,3.56,2.85,1.73
611,Test,Wednesday,8,,0,0,0,,6.67,10.4,4.8,2.72,3.62
612,Test,Thursday,8,,0,0,0,,3.73,5.22,3.83,2.23,2.35
613,Test,Friday,8,,0,0,0,,3.01,10.79,3.11,2.15,1.95
614,Test,Monday,8,,0,0,0,,3.6,5.2,2.84,2.41,1.95
615,Test,Tuesday,8,,0,0,0,,2.82,6.84,2.96,2.42,1.92
616,Test,Wednesday,8,,0,0,0,,3.88,7.34,3.52,2.52,1.99
617,Test,Thursday,8,,0,0,0,,4.47,6.2,4.76,2.88,2.29
618,Test,Friday,8,,0,0,0,,5.78,7.65,7.92,4.45,3.19
619,Test,Tuesday,8,,0,0,0,,3.31,4.16,3.79,2.19,2.16
620,Test,Wednesday,8,,0,0,0,,3.84,4.48,3.77,2.18,1.97
621,Test,Thursday,8,,0,0,0,,3.42,4.25,3.22,2.25,3.42
622,Test,Friday,8,,0,0,0,,4.43,7.23,9.39,2.33,2.73
623,Test,Monday,8,,0,0,0,,4.31,4.04,4.44,2.12,2.27
624,Test,Tuesday,8,,0,0,0,,5.01,4.2,4.79,2.23,1.77
625,Test,Wednesday,8,,0,0,0,,3.44,7.68,3.07,2.25,1.98
626,Test,Thursday,8,,0,0,0,,3.05,4.29,2.82,2.04,1.54
627,Test,Friday,8,,0,0,0,,3.75,6.42,3.61,3.75,2.06
628,Test,Monday,9,,0,0,0,,1.83,3.26,1.58,1.38,1.07
629,Test,Wednesday,9,,0,0,0,,3.5,5.98,6.21,2.06,1.36
630,Test,Thursday,9,,0,0,0,,3.14,4.31,8.76,1.99,1.54
631,Test,Friday,9,,0,0,0,,2.75,3.63,4.7,2.06,1.59
632,Test,Monday,9,,0,0,0,,4.47,3.7,6.8,2.63,2.35
633,Test,Tuesday,9,,0,0,0,,2.93,3.98,5.06,2.05,1.89
634,Test,Wednesday,9,,0,0,0,,3.85,4.99,6.73,2.67,2.05
635,Test,Thursday,9,,0,0,0,,5.61,5.36,5.56,1.82,2.32
636,Test,Friday,9,,0,0,0,,4.22,6.29,4.27,1.83,2.06
637,Test,Monday,9,,0,0,0,,3.26,6.01,4.64,2.22,1.83
638,Test,Tuesday,9,,0,0,0,,3.32,11.51,3.8,2.13,2.08
639,Test,Wednesday,9,,0,0,0,,4.72,18.4,3.99,3.54,2.07
640,Test,Thursday,9,,0,0,0,,4.8,20.89,4.37,2.62,2.27
641,Test,Friday,9,,0,0,0,,9.68,15.15,7.73,3.16,5.06
642,Test,Monday,9,,0,1,0,,3.76,7.21,4.57,2,1.73
643,Test,Tuesday,9,,1,0,0,,6.68,4.24,3.59,1.65,1.49
644,Test,Wednesday,9,,0,0,1,,7.82,5.24,8.66,2.09,2.04
645,Test,Thursday,9,,0,0,0,,5.7,5.74,11.77,2.09,1.99
646,Test,Friday,9,,0,0,0,,4.68,5.6,7.18,2.12,1.75
647,Test,Monday,9,,0,0,0,,3.56,5.74,4.73,1.71,1.59
648,Test,Tuesday,10,,0,0,0,,2.95,4.99,4.19,1.55,1.6
649,Test,Wednesday,10,,0,0,0,,3.33,4.29,3.75,2.21,1.93
650,Test,Thursday,10,,0,0,0,,2.56,5.46,2.79,2.74,3.49
651,Test,Friday,10,,0,0,0,,3.31,4.76,3.23,5.1,5.8
652,Test,Monday,10,,0,0,0,,2.88,4.17,2.98,4.29,2.7
653,Test,Tuesday,10,,0,0,0,,2.98,3.28,2.78,2.98,1.96
654,Test,Wednesday,10,,0,0,0,,3.16,3.35,3.66,2.65,1.89
655,Test,Thursday,10,,0,0,0,,2.65,4.75,2.63,2.4,2.23
656,Test,Friday,10,,0,0,0,,2.48,3.42,2.57,2.29,1.63
657,Test,Monday,10,,0,0,0,,3.13,3.45,2.87,1.92,1.79
658,Test,Tuesday,10,,0,0,0,,2.51,2.94,2.13,1.92,1.62
659,Test,Wednesday,10,,0,0,0,,3.19,3.45,3.4,2.07,1.58
660,Test,Thursday,10,,0,0,0,,4.24,5.23,4.39,2.9,1.83
661,Test,Friday,10,,0,0,0,,3.87,3.75,6.46,2.65,1.84
662,Test,Monday,10,,0,0,0,,3.2,3.36,3.7,2.04,1.57
663,Test,Tuesday,10,,0,0,0,,2.8,3.14,2.38,1.85,1.25
664,Test,Wednesday,10,,0,0,0,,3.52,7.13,3.35,2.32,1.62
665,Test,Thursday,10,,0,0,0,,3.62,4.96,3.36,2.41,1.65
666,Test,Friday,10,,0,0,0,,3.4,4.69,4.34,2.26,1.67
667,Test,Monday,10,,0,0,0,,2.61,2.55,2.61,1.93,1.29
668,Test,Tuesday,10,,0,0,0,,5.46,3.91,3.82,2.33,1.46
669,Test,Wednesday,10,,0,0,0,,3.61,3.15,3.22,2.67,1.37
670,Test,Thursday,10,,0,0,0,,3.82,3.31,3.16,2.67,2.23
671,Test,Friday,11,,0,0,0,,2.73,4.18,2.35,2.01,1.55
672,Test,Tuesday,11,,0,0,0,,2.46,5.37,2.74,1.99,1.54
673,Test,Wednesday,11,,0,0,0,,2.37,3.36,2.82,3.59,1.58
674,Test,Thursday,11,,0,0,0,,2.39,2.54,6.17,4.94,1.84
675,Test,Friday,11,,0,0,0,,2.99,2.35,3.22,2.88,1.45
676,Test,Monday,11,,0,0,0,,2.63,2.55,3.57,2.59,2.15
677,Test,Tuesday,11,,0,0,0,,2.33,2.72,2.47,3.97,1.62
678,Test,Wednesday,11,,0,0,0,,2.63,10.31,2.42,3.7,2.29
679,Test,Thursday,11,,0,0,0,,3.14,9.33,3.6,2.7,2.43
680,Test,Friday,11,,0,0,0,,4.94,7.95,5.16,4.8,3.9
681,Test,Monday,11,,0,0,0,,2.77,4.08,2.61,2.95,1.62
682,Test,Tuesday,11,,0,0,0,,2.63,3.54,2.92,2.28,2.33
683,Test,Wednesday,11,,0,0,0,,3.79,3.37,3.55,2.57,1.75
684,Test,Thursday,11,,0,0,0,,3.99,4.83,3.91,2.79,2.66
685,Test,Friday,11,,0,0,0,,3.35,3.23,4.65,2.49,2.27
686,Test,Monday,11,,0,0,0,,2.55,3.28,3.48,2.03,1.74
687,Test,Tuesday,11,,0,0,0,,3.26,3.57,3.55,2.84,2.77
688,Test,Wednesday,11,,0,0,0,,2.88,3.34,6.66,2.94,2.52
689,Test,Thursday,11,,0,0,0,,2.86,3.81,4.07,2.47,2.07
690,Test,Friday,11,,0,0,0,,3.91,3.67,4.64,2.28,2.36
691,Test,Monday,12,,0,0,0,,2.83,2.71,2.98,2.29,1.82
692,Test,Tuesday,12,,0,0,0,,2.92,7.74,3.19,2.18,1.95
693,Test,Wednesday,12,,0,0,0,,3.39,3.75,3.1,2.33,1.68
694,Test,Thursday,12,,0,0,0,,2.51,4.4,3.51,2.13,1.5
695,Test,Friday,12,,0,0,0,,3.5,4.17,4,2.52,1.77
696,Test,Monday,12,,0,0,0,,2.44,2.88,4.13,1.87,1.47
697,Test,Tuesday,12,,0,0,0,,3.53,6.36,3.5,1.93,1.6
698,Test,Wednesday,12,,0,0,0,,3.28,7.98,4.04,2.09,1.54
699,Test,Thursday,12,,0,0,0,,3.14,6.44,3.76,2.49,2.1
700,Test,Friday,12,,0,0,0,,2.97,5.51,3.92,2.26,1.74
701,Test,Monday,12,,0,0,0,,3.62,4.47,3.04,2.31,1.62
702,Test,Tuesday,12,,0,0,0,,2.98,5.15,3.01,2.53,1.87
703,Test,Wednesday,12,,0,0,0,,2.96,9.98,3.22,2.41,1.62
704,Test,Thursday,12,,0,0,0,,3.3,24.54,3.43,2.65,2.31
705,Test,Friday,12,,0,0,0,,3.34,11.15,4.1,2.83,2.14
706,Test,Monday,12,,0,1,0,,3.34,6.45,3.27,2.46,1.83
707,Test,Tuesday,12,,1,0,0,,5.68,5.64,3.58,1.93,1.76
708,Test,Wednesday,12,,0,0,1,,10.69,5.48,7.74,2.51,2.83
709,Test,Thursday,12,,0,0,0,,7.23,5.98,12.21,3.1,3.81
710,Test,Friday,12,,0,0,0,,5.65,4.36,5.41,2.57,4.75
711,Test,Monday,12,,0,0,0,,3.67,4.63,5.2,2.25,2.75
712,Test,Tuesday,12,,0,0,0,,3.33,3.38,3.55,1.97,1.95
713,Test,Wednesday,13,,0,0,0,,3.8,4.17,3.71,2.49,2.32
714,Test,Thursday,13,,0,0,0,,3.42,3.88,3.94,3.37,1.97
715,Test,Friday,13,,0,0,0,,3.32,3.19,3.06,3.48,1.66
716,Test,Monday,13,,0,0,0,,2.4,2.61,2.35,2.8,1.7
717,Test,Tuesday,13,,0,0,0,,3.76,2.88,2.57,3.07,2.04
718,Test,Wednesday,13,,0,0,0,,3.33,2.05,2.49,2.15,1.68
719,Test,Thursday,13,,0,0,0,,2.99,2.37,2.94,2.35,1.37
720,Test,Friday,13,,0,0,0,,3.4,3.85,3.48,2.89,1.86
721,Test,Monday,13,,0,0,0,,2.31,2.51,3.08,1.9,1.34
722,Test,Tuesday,13,,0,0,0,,4.07,3.52,3.14,2.61,2.13
723,Test,Wednesday,13,,0,0,0,,3.01,4.36,2.65,2.39,2.4
724,Test,Thursday,13,,0,0,0,,3.5,3.16,3.45,2.37,1.87
725,Test,Friday,13,,0,0,0,,4.7,2.45,2.65,2.22,1.88
726,Test,Monday,13,,0,0,0,,3.51,3.14,3.1,2.03,1.58
727,Test,Tuesday,13,,0,0,0,,2.86,2.6,2.2,1.66,2.68
728,Test,Wednesday,13,,0,0,0,,2.22,2.46,1.96,1.72,1.72
729,Test,Friday,13,,0,0,0,,1.58,1.22,1,1.06,0.85
730,Test,Monday,13,,0,0,0,,2.95,3.15,2.87,1.76,2.04
731,Test,Tuesday,13,,0,0,0,,2.36,2.5,2.31,1.67,1.61
732,Test,Wednesday,13,,0,0,0,,3.01,2.48,2.93,1.87,1.54
733,Test,Thursday,13,,0,0,0,,4.91,3.73,4.23,2.13,2.48
734,Test,Friday,14,,0,0,0,,3.94,3.74,2.78,1.99,1.51
735,Test,Monday,14,,0,0,0,,4.61,4.67,3.47,1.88,1.82
736,Test,Tuesday,14,,0,0,0,,3.44,2.93,3.1,2.9,1.77
737,Test,Wednesday,14,,0,0,0,,2.97,3.61,2.07,1.78,1.5
738,Test,Thursday,14,,0,0,0,,7.16,3.04,2.9,2.07,1.98
739,Test,Friday,14,,0,0,0,,4.05,3,2.57,2.33,1.58
740,Test,Monday,14,,0,0,0,,3.91,4.25,4.67,2.65,1.92
741,Test,Tuesday,14,,0,0,0,,3.64,2.85,3.37,2.29,1.7
742,Test,Wednesday,14,,0,0,0,,3.8,5.07,2.98,3.07,1.99
743,Test,Thursday,14,,0,0,0,,4.88,4.51,3.55,2.94,2.22
744,Test,Friday,14,,0,0,0,,6.42,6.81,5.8,5.61,4.15
745,Test,Monday,14,,0,0,0,,4.07,5.58,3.5,2.43,2.37
746,Test,Tuesday,14,,0,0,0,,3.22,3.34,3.22,1.77,1.63
747,Test,Wednesday,14,,0,0,0,,6.18,3.95,2.97,2.28,1.9
748,Test,Thursday,14,,0,0,0,,3.47,2.4,2.78,2.03,1.37
749,Test,Friday,14,,0,0,0,,3.35,2.34,2.14,1.62,1.11
750,Test,Tuesday,14,,0,0,0,,2.12,1.76,1.8,1.26,0.95
751,Test,Wednesday,14,,0,0,0,,2.47,2.22,2.4,2.09,1.19
752,Test,Thursday,14,,0,0,0,,2.04,1.49,2.15,1.48,1.02
753,Test,Friday,14,,0,0,0,,2.37,2.39,2.72,1.85,1.5